english	current_chinese	pos	suggested_class	risk_reason	note
Moeen and Mujtaba Sayed	Moeen and Mujtaba Sayed	artist-credit	context-title	contains-common-prose-word	-
The Open Chess Set	The Open Chess Set	asset-title	context-title	contains-common-prose-word	-
Galleon Ghost Ship in a bottle by Eugene Riecansky	Galleon Ghost Ship in a bottle by Eugene Riecansky	credit	context-title	contains-common-prose-word	-
Gold with scratches	Gold with scratches	material-example	context-title	mostly-lowercase-phrase;contains-common-prose-word	-
Iron with a touch of Tail Mix	Iron with a touch of Tail Mix	material-example	context-title	contains-common-prose-word	-
Depth of Field	Depth of Field	page-title	context-title	contains-common-prose-word	-
Layered Materials	Layered Materials	page-title	context-title	contains-common-prose-word	-
Presence and Opacity	Presence and Opacity	page-title	context-title	contains-common-prose-word	-
Stylized Hatching Sample XPU	Stylized Hatching Sample XPU	page-title	context-title	contains-common-prose-word	-
Stylized Light Control	Stylized Light Control	page-title	context-title	contains-common-prose-word	-
Stylized Lines	Stylized Lines	page-title	context-title	contains-common-prose-word	-
Stylized Lines Control	Stylized Lines Control	page-title	context-title	contains-common-prose-word	-
Stylized Lines XPU	Stylized Lines XPU	page-title	context-title	contains-common-prose-word	-
The Viewing Transformation	The Viewing Transformation	page-title	context-title	contains-common-prose-word	-
An Energy-Conserving Hair Reflectance Model	An Energy-Conserving Hair Reflectance Model	paper-title	context-title	contains-common-prose-word	-
Extending the Disney BRDF to a BSDF with Integrated Subsurface Scattering	Extending the Disney BRDF to a BSDF with Integrated Subsurface Scattering	paper-title	context-title	contains-common-prose-word	-
Importance Sampling for Physically-Based Hair Fiber Models	Importance Sampling for Physically-Based Hair Fiber Models	paper-title	context-title	contains-common-prose-word	-
Portal-Masked Environment Map Sampling	Portal-Masked Environment Map Sampling	paper-title	context-title	contains-common-prose-word	-
Simple Nested Dielectrics in Ray Traced Images	Simple Nested Dielectrics in Ray Traced Images	paper-title	context-title	contains-common-prose-word	-
Surface Gradient-Based Bump Mapping Framework	Surface Gradient-Based Bump Mapping Framework	paper-title	context-title	contains-common-prose-word	-
Towards Bidirectional Pathtracing at Pixar	Towards Bidirectional Pathtracing at Pixar	paper-title	context-title	contains-common-prose-word	-
Enable Manifold Walk	Enable Manifold Walk	option	context-ui-label	contains-common-prose-word	-
Line Thickness From Pattern	Line Thickness From Pattern	option	context-ui-label	contains-common-prose-word	-
Absorption Color	Absorption Color	parameter	context-ui-label	contains-common-prose-word	-
Albedo Color	Albedo Color	parameter	context-ui-label	contains-common-prose-word	-
Align Mode	Align Mode	parameter	context-ui-label	contains-common-prose-word	-
Back Color	Back Color	parameter	context-ui-label	contains-common-prose-word	-
Background Color	Background Color	parameter	context-ui-label	contains-common-prose-word	-
Background Color	Background Color	parameter	context-ui-label	contains-common-prose-word	-
Bake Mode	Bake Mode	parameter	context-ui-label	contains-common-prose-word	-
Barn Mode	Barn Mode	parameter	context-ui-label	contains-common-prose-word	-
Base Color	Base Color	parameter	context-ui-label	contains-common-prose-word	-
Base Layer Gain	Base Layer Gain	parameter	context-ui-label	contains-common-prose-word	-
Base Layer Scalar	Base Layer Scalar	parameter	context-ui-label	contains-common-prose-word	-
Base Layer Vector	Base Layer Vector	parameter	context-ui-label	contains-common-prose-word	-
Base Material	Base Material	parameter	context-ui-label	contains-common-prose-word	-
BG Color	BG Color	parameter	context-ui-label	contains-common-prose-word	-
Blending Mode	Blending Mode	parameter	context-ui-label	contains-common-prose-word	-
Blocks Volumes	Blocks Volumes	parameter	context-ui-label	contains-common-prose-word	-
Blur Far Value	Blur Far Value	parameter	context-ui-label	contains-common-prose-word	-
Blur Mid Value	Blur Mid Value	parameter	context-ui-label	contains-common-prose-word	-
Blur Near Value	Blur Near Value	parameter	context-ui-label	contains-common-prose-word	-
Bottom Color	Bottom Color	parameter	context-ui-label	contains-common-prose-word	-
by Lighting	by Lighting	parameter	context-ui-label	mostly-lowercase-phrase;contains-common-prose-word	-
by Z Depth	by Z Depth	parameter	context-ui-label	contains-common-prose-word	-
Cam Depth Type	Cam Depth Type	parameter	context-ui-label	contains-common-prose-word	-
Camera Range Mask Switch	Camera Range Mask Switch	parameter	context-ui-label	contains-common-prose-word	-
Camera Type	Camera Type	parameter	context-ui-label	contains-common-prose-word	-
Canvas Color	Canvas Color	parameter	context-ui-label	contains-common-prose-word	-
Canvas Texture	Canvas Texture	parameter	context-ui-label	contains-common-prose-word	-
Channels Missing Color	Channels Missing Color	parameter	context-ui-label	contains-common-prose-word	-
Channels Output Black	Channels Output Black	parameter	context-ui-label	contains-common-prose-word	-
Channels Output White	Channels Output White	parameter	context-ui-label	contains-common-prose-word	-
Clamp Output	Clamp Output	parameter	context-ui-label	contains-common-prose-word	-
Clamp To	Clamp To	parameter	context-ui-label	contains-common-prose-word	-
Color A	Color A	parameter	context-ui-label	contains-common-prose-word	-
Color B	Color B	parameter	context-ui-label	contains-common-prose-word	-
Color Blend Signal	Color Blend Signal	parameter	context-ui-label	contains-common-prose-word	-
Color Border	Color Border	parameter	context-ui-label	contains-common-prose-word	-
Color From	Color From	parameter	context-ui-label	contains-common-prose-word	-
Color Map	Color Map	parameter	context-ui-label	contains-common-prose-word	-
Color Max	Color Max	parameter	context-ui-label	contains-common-prose-word	-
Color Min	Color Min	parameter	context-ui-label	contains-common-prose-word	-
Color Model	Color Model	parameter	context-ui-label	contains-common-prose-word	-
Color Offset	Color Offset	parameter	context-ui-label	contains-common-prose-word	-
Color Offset	Color Offset	parameter	context-ui-label	contains-common-prose-word	-
Color Preservation	Color Preservation	parameter	context-ui-label	contains-common-prose-word	-
Color Ramp	Color Ramp	parameter	context-ui-label	contains-common-prose-word	-
Color Ramp Interpolation	Color Ramp Interpolation	parameter	context-ui-label	contains-common-prose-word	-
Color Ramp Knots	Color Ramp Knots	parameter	context-ui-label	contains-common-prose-word	-
Color Randomize	Color Randomize	parameter	context-ui-label	contains-common-prose-word	-
Color Scale	Color Scale	parameter	context-ui-label	contains-common-prose-word	-
Color Scale	Color Scale	parameter	context-ui-label	contains-common-prose-word	-
Color Swatch	Color Swatch	parameter	context-ui-label	contains-common-prose-word	-
Color Swatch	Color Swatch	parameter	context-ui-label	contains-common-prose-word	-
Color Temperature	Color Temperature	parameter	context-ui-label	contains-common-prose-word	-
Color Tile	Color Tile	parameter	context-ui-label	contains-common-prose-word	-
Color Tint	Color Tint	parameter	context-ui-label	contains-common-prose-word	-
Color TT	Color TT	parameter	context-ui-label	contains-common-prose-word	-
Combine Mode	Combine Mode	parameter	context-ui-label	contains-common-prose-word	-
Comp Mode	Comp Mode	parameter	context-ui-label	contains-common-prose-word	-
Continuation Ray Mode	Continuation Ray Mode	parameter	context-ui-label	contains-common-prose-word	-
Continuation Rays	Continuation Rays	parameter	context-ui-label	contains-common-prose-word	-
Cookie Mode	Cookie Mode	parameter	context-ui-label	contains-common-prose-word	-
Data AOV	Data AOV	parameter	context-ui-label	contains-common-prose-word	-
Data Type	Data Type	parameter	context-ui-label	contains-common-prose-word	-
Density Color	Density Color	parameter	context-ui-label	contains-common-prose-word	-
Density Far Value	Density Far Value	parameter	context-ui-label	contains-common-prose-word	-
Density Mid Value	Density Mid Value	parameter	context-ui-label	contains-common-prose-word	-
Density Near Value	Density Near Value	parameter	context-ui-label	contains-common-prose-word	-
Diffuse Color	Diffuse Color	parameter	context-ui-label	contains-common-prose-word	-
Diffuse Energy from	Diffuse Energy from	parameter	context-ui-label	contains-common-prose-word	-
Direct Gain Mode	Direct Gain Mode	parameter	context-ui-label	contains-common-prose-word	-
Displacement Type	Displacement Type	parameter	context-ui-label	contains-common-prose-word	-
Dye Color	Dye Color	parameter	context-ui-label	contains-common-prose-word	-
Edge color	Edge color	parameter	context-ui-label	mostly-lowercase-phrase;contains-common-prose-word	-
Edge Color	Edge Color	parameter	context-ui-label	contains-common-prose-word	-
Emit Color	Emit Color	parameter	context-ui-label	contains-common-prose-word	-
Enable Manifold Walk	Enable Manifold Walk	parameter	context-ui-label	contains-common-prose-word	-
Enable Ramp	Enable Ramp	parameter	context-ui-label	contains-common-prose-word	-
Enable Shadows	Enable Shadows	parameter	context-ui-label	contains-common-prose-word	-
Enable Temperature	Enable Temperature	parameter	context-ui-label	contains-common-prose-word	-
Enable X	Enable X	parameter	context-ui-label	contains-common-prose-word	-
Equiangular weight	Equiangular weight	parameter	context-ui-label	mostly-lowercase-phrase	-
Face Color	Face Color	parameter	context-ui-label	contains-common-prose-word	-
File Format	File Format	parameter	context-ui-label	contains-common-prose-word	-
File Type	File Type	parameter	context-ui-label	contains-common-prose-word	-
Fill Color	Fill Color	parameter	context-ui-label	contains-common-prose-word	-
Filter Scale	Filter Scale	parameter	context-ui-label	contains-common-prose-word	-
Filter Width	Filter Width	parameter	context-ui-label	contains-common-prose-word	-
Final Line Gamma	Final Line Gamma	parameter	context-ui-label	contains-common-prose-word	-
First Texture is White	First Texture is White	parameter	context-ui-label	contains-common-prose-word	-
Fractal Harmonic Mode	Fractal Harmonic Mode	parameter	context-ui-label	contains-common-prose-word	-
Fresnel Mode	Fresnel Mode	parameter	context-ui-label	contains-common-prose-word	-
Gamma Mode	Gamma Mode	parameter	context-ui-label	contains-common-prose-word	-
Grid Color	Grid Color	parameter	context-ui-label	contains-common-prose-word	-
Grid offset	Grid offset	parameter	context-ui-label	mostly-lowercase-phrase	-
Ground Color	Ground Color	parameter	context-ui-label	contains-common-prose-word	-
Ground Mode	Ground Mode	parameter	context-ui-label	contains-common-prose-word	-
Hair Color	Hair Color	parameter	context-ui-label	contains-common-prose-word	-
Hatch On Background	Hatch On Background	parameter	context-ui-label	contains-common-prose-word	-
Hatch On Color	Hatch On Color	parameter	context-ui-label	contains-common-prose-word	-
Hatch Tex Color Mix	Hatch Tex Color Mix	parameter	context-ui-label	contains-common-prose-word	-
Hatching On Color	Hatching On Color	parameter	context-ui-label	contains-common-prose-word	-
Hue Mode	Hue Mode	parameter	context-ui-label	contains-common-prose-word	-
In Primary Hit	In Primary Hit	parameter	context-ui-label	contains-common-prose-word	-
In Reflection	In Reflection	parameter	context-ui-label	contains-common-prose-word	-
In Refraction	In Refraction	parameter	context-ui-label	contains-common-prose-word	-
Index of Refraction	Index of Refraction	parameter	context-ui-label	contains-common-prose-word	-
Input Color	Input Color	parameter	context-ui-label	contains-common-prose-word	-
Input Color	Input Color	parameter	context-ui-label	contains-common-prose-word	-
Input Material	Input Material	parameter	context-ui-label	contains-common-prose-word	-
Input Texture Coordinates	Input Texture Coordinates	parameter	context-ui-label	contains-common-prose-word	-
invert T	invert T	parameter	context-ui-label	mostly-lowercase-phrase	-
Iridescence Mode	Iridescence Mode	parameter	context-ui-label	contains-common-prose-word	-
Is Orthographic	Is Orthographic	parameter	context-ui-label	contains-common-prose-word	-
Last Texture is Black	Last Texture is Black	parameter	context-ui-label	contains-common-prose-word	-
Layer Mode	Layer Mode	parameter	context-ui-label	contains-common-prose-word	-
Layer Thickness	Layer Thickness	parameter	context-ui-label	contains-common-prose-word	-
Layers A	Layers A	parameter	context-ui-label	contains-common-prose-word	-
Layers Mode	Layers Mode	parameter	context-ui-label	contains-common-prose-word	-
Layers RGB	Layers RGB	parameter	context-ui-label	contains-common-prose-word	-
Light Group	Light Group	parameter	context-ui-label	contains-common-prose-word	-
Light Mask Switch	Light Mask Switch	parameter	context-ui-label	contains-common-prose-word	-
Light Samples	Light Samples	parameter	context-ui-label	contains-common-prose-word	-
Light Source	Light Source	parameter	context-ui-label	contains-common-prose-word	-
Light Tint	Light Tint	parameter	context-ui-label	contains-common-prose-word	-
Line Albedo Color	Line Albedo Color	parameter	context-ui-label	contains-common-prose-word	-
Line Albedo HSV	Line Albedo HSV	parameter	context-ui-label	contains-common-prose-word	-
Line Color	Line Color	parameter	context-ui-label	contains-common-prose-word	-
Line Color Shadow	Line Color Shadow	parameter	context-ui-label	contains-common-prose-word	-
Line Mask	Line Mask	parameter	context-ui-label	contains-common-prose-word	-
Line Thickness	Line Thickness	parameter	context-ui-label	contains-common-prose-word	-
Line Thickness Remap Max	Line Thickness Remap Max	parameter	context-ui-label	contains-common-prose-word	-
Line Thickness Remap Min	Line Thickness Remap Min	parameter	context-ui-label	contains-common-prose-word	-
Line Thickness Remap Switch	Line Thickness Remap Switch	parameter	context-ui-label	contains-common-prose-word	-
Line Type	Line Type	parameter	context-ui-label	contains-common-prose-word	-
Lines Inside Alpha	Lines Inside Alpha	parameter	context-ui-label	contains-common-prose-word	-
Long Color	Long Color	parameter	context-ui-label	contains-common-prose-word	-
Luminance Mode	Luminance Mode	parameter	context-ui-label	contains-common-prose-word	-
Map Gamma	Map Gamma	parameter	context-ui-label	contains-common-prose-word	-
Map Saturation	Map Saturation	parameter	context-ui-label	contains-common-prose-word	-
Mask Texture	Mask Texture	parameter	context-ui-label	contains-common-prose-word	-
Mask Value	Mask Value	parameter	context-ui-label	contains-common-prose-word	-
Match C++ patterns	Match C++ patterns	parameter	context-ui-label	contains-common-prose-word	-
Match C++ patterns	Match C++ patterns	parameter	context-ui-label	contains-common-prose-word	-
Material Back	Material Back	parameter	context-ui-label	contains-common-prose-word	-
Material Base	Material Base	parameter	context-ui-label	contains-common-prose-word	-
Material Front	Material Front	parameter	context-ui-label	contains-common-prose-word	-
Material Sides	Material Sides	parameter	context-ui-label	contains-common-prose-word	-
Material Top	Material Top	parameter	context-ui-label	contains-common-prose-word	-
Max Path Length	Max Path Length	parameter	context-ui-label	contains-common-prose-word	-
Max Path Length	Max Path Length	parameter	context-ui-label	contains-common-prose-word	-
Mean Free Path	Mean Free Path	parameter	context-ui-label	contains-common-prose-word	-
Mean Free Path Color	Mean Free Path Color	parameter	context-ui-label	contains-common-prose-word	-
Mean Free Path Distance	Mean Free Path Distance	parameter	context-ui-label	contains-common-prose-word	-
Missing Color	Missing Color	parameter	context-ui-label	contains-common-prose-word	-
Missing Color	Missing Color	parameter	context-ui-label	contains-common-prose-word	-
model displacement	model displacement	parameter	context-ui-label	mostly-lowercase-phrase	-
Monochrome Output	Monochrome Output	parameter	context-ui-label	contains-common-prose-word	-
Num Samples	Num Samples	parameter	context-ui-label	contains-common-prose-word	-
Number Of Textures	Number Of Textures	parameter	context-ui-label	contains-common-prose-word	-
Number of Textures	Number of Textures	parameter	context-ui-label	contains-common-prose-word	-
Occluded and Unoccluded	Occluded and Unoccluded	parameter	context-ui-label	contains-common-prose-word	-
On Volume Boundaries	On Volume Boundaries	parameter	context-ui-label	contains-common-prose-word	-
Output Channels Idx	Output Channels Idx	parameter	context-ui-label	contains-common-prose-word	-
Output Folder	Output Folder	parameter	context-ui-label	contains-common-prose-word	-
Output Gain	Output Gain	parameter	context-ui-label	contains-common-prose-word	-
Output Max	Output Max	parameter	context-ui-label	contains-common-prose-word	-
Output Min	Output Min	parameter	context-ui-label	contains-common-prose-word	-
Output Type	Output Type	parameter	context-ui-label	contains-common-prose-word	-
Overlapping Volumes	Overlapping Volumes	parameter	context-ui-label	contains-common-prose-word	-
Override Signal by Camera Range	Override Signal by Camera Range	parameter	context-ui-label	contains-common-prose-word	-
Presence Parameter	Presence Parameter	parameter	context-ui-label	contains-common-prose-word	-
Primary Color	Primary Color	parameter	context-ui-label	contains-common-prose-word	-
Primary Specular Color	Primary Specular Color	parameter	context-ui-label	contains-common-prose-word	-
R Specular Color	R Specular Color	parameter	context-ui-label	contains-common-prose-word	-
Ramp Colors	Ramp Colors	parameter	context-ui-label	contains-common-prose-word	-
Ramp Type	Ramp Type	parameter	context-ui-label	contains-common-prose-word	-
Random Type	Random Type	parameter	context-ui-label	contains-common-prose-word	-
Refraction Color	Refraction Color	parameter	context-ui-label	contains-common-prose-word	-
Remap TT Color	Remap TT Color	parameter	context-ui-label	contains-common-prose-word	-
Remapping Mode	Remapping Mode	parameter	context-ui-label	contains-common-prose-word	-
Render Mode	Render Mode	parameter	context-ui-label	contains-common-prose-word	-
Resolution X and Resolution Y	Resolution X and Resolution Y	parameter	context-ui-label	contains-common-prose-word	-
Sample Distribution	Sample Distribution	parameter	context-ui-label	contains-common-prose-word	-
Saturation Mode	Saturation Mode	parameter	context-ui-label	contains-common-prose-word	-
Scatter Color	Scatter Color	parameter	context-ui-label	contains-common-prose-word	-
Secondary Color	Secondary Color	parameter	context-ui-label	contains-common-prose-word	-
Secondary Specular Color	Secondary Specular Color	parameter	context-ui-label	contains-common-prose-word	-
Sections Map	Sections Map	parameter	context-ui-label	contains-common-prose-word	-
Sections Map Black Mask Switch	Sections Map Black Mask Switch	parameter	context-ui-label	contains-common-prose-word	-
Sections Map Switch	Sections Map Switch	parameter	context-ui-label	contains-common-prose-word	-
Shadow Bump Terminator	Shadow Bump Terminator	parameter	context-ui-label	contains-common-prose-word	-
Shadow Color	Shadow Color	parameter	context-ui-label	contains-common-prose-word	-
Shadow Color	Shadow Color	parameter	context-ui-label	contains-common-prose-word	-
Shadow Distance	Shadow Distance	parameter	context-ui-label	contains-common-prose-word	-
Shadow Falloff	Shadow Falloff	parameter	context-ui-label	contains-common-prose-word	-
Shadow Falloff Gamma	Shadow Falloff Gamma	parameter	context-ui-label	contains-common-prose-word	-
Shadow Max Distance	Shadow Max Distance	parameter	context-ui-label	contains-common-prose-word	-
Shadow Mode	Shadow Mode	parameter	context-ui-label	contains-common-prose-word	-
Shadows Range Max	Shadows Range Max	parameter	context-ui-label	contains-common-prose-word	-
Shadows Range Min	Shadows Range Min	parameter	context-ui-label	contains-common-prose-word	-
Shaping Mode	Shaping Mode	parameter	context-ui-label	contains-common-prose-word	-
Short Color	Short Color	parameter	context-ui-label	contains-common-prose-word	-
Signal AOV String	Signal AOV String	parameter	context-ui-label	contains-common-prose-word	-
Specular Curvature Filter	Specular Curvature Filter	parameter	context-ui-label	contains-common-prose-word	-
Specular Fresnel Mode	Specular Fresnel Mode	parameter	context-ui-label	contains-common-prose-word	-
Spline Map	Spline Map	parameter	context-ui-label	contains-common-prose-word	-
Spline Type	Spline Type	parameter	context-ui-label	contains-common-prose-word	-
Step Mode	Step Mode	parameter	context-ui-label	contains-common-prose-word	-
Step to Albedo	Step to Albedo	parameter	context-ui-label	contains-common-prose-word	-
Stray Color	Stray Color	parameter	context-ui-label	contains-common-prose-word	-
Stray Hair Color	Stray Hair Color	parameter	context-ui-label	contains-common-prose-word	-
Stray Random Color	Stray Random Color	parameter	context-ui-label	contains-common-prose-word	-
Subsurface Color	Subsurface Color	parameter	context-ui-label	contains-common-prose-word	-
Surface Gradient	Surface Gradient	parameter	context-ui-label	contains-common-prose-word	-
Surface Mix	Surface Mix	parameter	context-ui-label	contains-common-prose-word	-
Surface Mollification	Surface Mollification	parameter	context-ui-label	contains-common-prose-word	-
Surface Normal Mix	Surface Normal Mix	parameter	context-ui-label	contains-common-prose-word	-
Surface Position	Surface Position	parameter	context-ui-label	contains-common-prose-word	-
Surface Position	Surface Position	parameter	context-ui-label	contains-common-prose-word	-
Surface Tension	Surface Tension	parameter	context-ui-label	contains-common-prose-word	-
Texture Color	Texture Color	parameter	context-ui-label	contains-common-prose-word	-
Texture Frequency	Texture Frequency	parameter	context-ui-label	contains-common-prose-word	-
Texture Order	Texture Order	parameter	context-ui-label	contains-common-prose-word	-
Texture Overlay	Texture Overlay	parameter	context-ui-label	contains-common-prose-word	-
Texture Roughness	Texture Roughness	parameter	context-ui-label	contains-common-prose-word	-
Texture Set	Texture Set	parameter	context-ui-label	contains-common-prose-word	-
Texture Type	Texture Type	parameter	context-ui-label	contains-common-prose-word	-
Textures are Normal Maps	Textures are Normal Maps	parameter	context-ui-label	contains-common-prose-word	-
Thin Shadow	Thin Shadow	parameter	context-ui-label	contains-common-prose-word	-
Thin Surface	Thin Surface	parameter	context-ui-label	contains-common-prose-word	-
Tile Mode	Tile Mode	parameter	context-ui-label	contains-common-prose-word	-
Tiling Mode	Tiling Mode	parameter	context-ui-label	contains-common-prose-word	-
Toon Mode	Toon Mode	parameter	context-ui-label	contains-common-prose-word	-
Top Color	Top Color	parameter	context-ui-label	contains-common-prose-word	-
Transmission Color	Transmission Color	parameter	context-ui-label	contains-common-prose-word	-
Transmit Color	Transmit Color	parameter	context-ui-label	contains-common-prose-word	-
Transmit Specular Color	Transmit Specular Color	parameter	context-ui-label	contains-common-prose-word	-
Triplanar N String	Triplanar N String	parameter	context-ui-label	contains-common-prose-word	-
Triplanar P String	Triplanar P String	parameter	context-ui-label	contains-common-prose-word	-
TT Specular Color	TT Specular Color	parameter	context-ui-label	contains-common-prose-word	-
Use Alpha	Use Alpha	parameter	context-ui-label	contains-common-prose-word	-
Use Alpha	Use Alpha	parameter	context-ui-label	contains-common-prose-word	-
Use Color	Use Color	parameter	context-ui-label	contains-common-prose-word	-
Use Diffuse Color	Use Diffuse Color	parameter	context-ui-label	contains-common-prose-word	-
Use Displacement Direction	Use Displacement Direction	parameter	context-ui-label	contains-common-prose-word	-
Use Light Direction	Use Light Direction	parameter	context-ui-label	contains-common-prose-word	-
Use Throughput	Use Throughput	parameter	context-ui-label	contains-common-prose-word	-
Use Undisplaced Position	Use Undisplaced Position	parameter	context-ui-label	contains-common-prose-word	-
User Color	User Color	parameter	context-ui-label	contains-common-prose-word	-
Utility Pattern	Utility Pattern	parameter	context-ui-label	contains-common-prose-word	-
Variable name	Variable name	parameter	context-ui-label	mostly-lowercase-phrase	-
Variable Type	Variable Type	parameter	context-ui-label	contains-common-prose-word	-
Visible in Refraction	Visible in Refraction	parameter	context-ui-label	contains-common-prose-word	-
Volume Aggregate Name	Volume Aggregate Name	parameter	context-ui-label	contains-common-prose-word	-
Wireframe Color	Wireframe Color	parameter	context-ui-label	contains-common-prose-word	-
Write File	Write File	parameter	context-ui-label	contains-common-prose-word	-
Write To Type AOV	Write To Type AOV	parameter	context-ui-label	contains-common-prose-word	-
Z Depth Mode	Z Depth Mode	parameter	context-ui-label	contains-common-prose-word	-
Advanced Parameters	Advanced Parameters	section	context-ui-label	contains-common-prose-word	-
Anisotropy Parameters	Anisotropy Parameters	section	context-ui-label	contains-common-prose-word	-
Burley Mode Parameter	Burley Mode Parameter	section	context-ui-label	contains-common-prose-word	-
Clear Coat Parameters	Clear Coat Parameters	section	context-ui-label	contains-common-prose-word	-
Color Parameters	Color Parameters	section	context-ui-label	contains-common-prose-word	-
Common Parameters	Common Parameters	section	context-ui-label	contains-common-prose-word	-
Dielectric Parameters	Dielectric Parameters	section	context-ui-label	contains-common-prose-word	-
Diffuse Parameters	Diffuse Parameters	section	context-ui-label	contains-common-prose-word	-
Dispersion Parameters	Dispersion Parameters	section	context-ui-label	contains-common-prose-word	-
Emission Parameters	Emission Parameters	section	context-ui-label	contains-common-prose-word	-
Fuzz Parameters	Fuzz Parameters	section	context-ui-label	contains-common-prose-word	-
Fuzz Parameters	Fuzz Parameters	section	context-ui-label	contains-common-prose-word	-
Glass Parameters	Glass Parameters	section	context-ui-label	contains-common-prose-word	-
Global Properties Parameters	Global Properties Parameters	section	context-ui-label	contains-common-prose-word	-
Glow Parameters	Glow Parameters	section	context-ui-label	contains-common-prose-word	-
Interior Parameters	Interior Parameters	section	context-ui-label	contains-common-prose-word	-
Iridescence Parameters	Iridescence Parameters	section	context-ui-label	contains-common-prose-word	-
Layering Modes	Layering Modes	section	context-ui-label	contains-common-prose-word	-
Material Properties	Material Properties	section	context-ui-label	contains-common-prose-word	-
Multiple Mean Free Paths Description	Multiple Mean Free Paths Description	section	context-ui-label	contains-common-prose-word	-
Other parameters	Other parameters	section	context-ui-label	mostly-lowercase-phrase;contains-common-prose-word	-
Path-traced Modes Parameters	Path-traced Modes Parameters	section	context-ui-label	contains-common-prose-word	-
Properties Parameters	Properties Parameters	section	context-ui-label	contains-common-prose-word	-
Scattering Parameters	Scattering Parameters	section	context-ui-label	contains-common-prose-word	-
Shadow Parameters	Shadow Parameters	section	context-ui-label	contains-common-prose-word	-
Sheen Parameters	Sheen Parameters	section	context-ui-label	contains-common-prose-word	-
Single Scatter Parameters	Single Scatter Parameters	section	context-ui-label	contains-common-prose-word	-
Single Scattering Parameters	Single Scattering Parameters	section	context-ui-label	contains-common-prose-word	-
Specular and Rough Specular Parameters	Specular and Rough Specular Parameters	section	context-ui-label	contains-common-prose-word	-
Specular Parameters	Specular Parameters	section	context-ui-label	contains-common-prose-word	-
Subsurface Scattering Parameters	Subsurface Scattering Parameters	section	context-ui-label	contains-common-prose-word	-
Tail Parameters	Tail Parameters	section	context-ui-label	contains-common-prose-word	-
Translucency Parameters	Translucency Parameters	section	context-ui-label	contains-common-prose-word	-
Tricolor Parameters	Tricolor Parameters	section	context-ui-label	contains-common-prose-word	-
Adjust Output	Adjust Output	section-title	context-ui-label	contains-common-prose-word	-
Adjust Output	Adjust Output	section-title	context-ui-label	contains-common-prose-word	-
Advanced Settings	Advanced Settings	section-title	context-ui-label	contains-common-prose-word	-
Advanced Texture Settings	Advanced Texture Settings	section-title	context-ui-label	contains-common-prose-word	-
Advanced Workflows	Advanced Workflows	section-title	context-ui-label	contains-common-prose-word	-
Analytic Light Types	Analytic Light Types	section-title	context-ui-label	contains-common-prose-word	-
Anisotropy Parameters	Anisotropy Parameters	section-title	context-ui-label	contains-common-prose-word	-
Barn Door Light Filter	Barn Door Light Filter	section-title	context-ui-label	contains-common-prose-word	-
Base Layer	Base Layer	section-title	context-ui-label	contains-common-prose-word	-
Basic Workflows	Basic Workflows	section-title	context-ui-label	contains-common-prose-word	-
Bump Output	Bump Output	section-title	context-ui-label	contains-common-prose-word	-
Camera Range Page	Camera Range Page	section-title	context-ui-label	contains-common-prose-word	-
Color Correct	Color Correct	section-title	context-ui-label	contains-common-prose-word	-
Cookie Light Filter	Cookie Light Filter	section-title	context-ui-label	contains-common-prose-word	-
Density Parameters	Density Parameters	section-title	context-ui-label	contains-common-prose-word	-
Diffuse Parameters	Diffuse Parameters	section-title	context-ui-label	contains-common-prose-word	-
Displacement Types	Displacement Types	section-title	context-ui-label	contains-common-prose-word	-
Geometric Light Types	Geometric Light Types	section-title	context-ui-label	contains-common-prose-word	-
Guidance for Writing Your Own Patterns	Guidance for Writing Your Own Patterns	section-title	context-ui-label	contains-common-prose-word	-
Hair and Fur Presets	Hair and Fur Presets	section-title	context-ui-label	contains-common-prose-word	-
Hatching Color Page	Hatching Color Page	section-title	context-ui-label	contains-common-prose-word	-
Hatching Textures Page	Hatching Textures Page	section-title	context-ui-label	contains-common-prose-word	-
Input Parameters	Input Parameters	section-title	context-ui-label	contains-common-prose-word	-
Input Parameters	Input Parameters	section-title	context-ui-label	contains-common-prose-word	-
Intensity Light Filter	Intensity Light Filter	section-title	context-ui-label	contains-common-prose-word	-
Light Profile	Light Profile	section-title	context-ui-label	contains-common-prose-word	-
Line Color Page	Line Color Page	section-title	context-ui-label	contains-common-prose-word	-
Line Detection Page	Line Detection Page	section-title	context-ui-label	contains-common-prose-word	-
Line Distort Page	Line Distort Page	section-title	context-ui-label	contains-common-prose-word	-
Line Thickness Page	Line Thickness Page	section-title	context-ui-label	contains-common-prose-word	-
Line Thickness Remap Page	Line Thickness Remap Page	section-title	context-ui-label	contains-common-prose-word	-
Lines Page	Lines Page	section-title	context-ui-label	contains-common-prose-word	-
Normal Maps Orientation	Normal Maps Orientation	section-title	context-ui-label	contains-common-prose-word	-
Object Visibility	Object Visibility	section-title	context-ui-label	contains-common-prose-word	-
Output Page	Output Page	section-title	context-ui-label	contains-common-prose-word	-
Output Parameters	Output Parameters	section-title	context-ui-label	contains-common-prose-word	-
Output Parameters	Output Parameters	section-title	context-ui-label	contains-common-prose-word	-
Output Range	Output Range	section-title	context-ui-label	contains-common-prose-word	-
Pattern Settings	Pattern Settings	section-title	context-ui-label	contains-common-prose-word	-
Portal Lights	Portal Lights	section-title	context-ui-label	contains-common-prose-word	-
Ramp Light Filter	Ramp Light Filter	section-title	context-ui-label	contains-common-prose-word	-
Rod Light Filter	Rod Light Filter	section-title	context-ui-label	contains-common-prose-word	-
Sample textures	Sample textures	section-title	context-ui-label	mostly-lowercase-phrase;contains-common-prose-word	-
Sampling Parameters	Sampling Parameters	section-title	context-ui-label	contains-common-prose-word	-
Specular Parameters	Specular Parameters	section-title	context-ui-label	contains-common-prose-word	-
Texture Input Parameters	Texture Input Parameters	section-title	context-ui-label	contains-common-prose-word	-
Texture Parameters	Texture Parameters	section-title	context-ui-label	contains-common-prose-word	-
Using MEL	Using MEL	section-title	context-ui-label	contains-common-prose-word	-
Using Meshlight	Using Meshlight	section-title	context-ui-label	contains-common-prose-word	-
Utility Light Types	Utility Light Types	section-title	context-ui-label	contains-common-prose-word	-
Velocity and Motion Blur	Velocity and Motion Blur	section-title	context-ui-label	contains-common-prose-word	-
Default variable	Default variable	table-header	context-ui-label	mostly-lowercase-phrase	-
Depends on	Depends on	table-header	context-ui-label	mostly-lowercase-phrase;contains-common-prose-word	-
Temperature Value	Temperature Value	table-header	context-ui-label	contains-common-prose-word	-
Use in path	Use in path	table-header	context-ui-label	mostly-lowercase-phrase;contains-common-prose-word	-
Lighting Subsets and Exclude	Lighting Subsets and Exclude	ui-attribute	context-ui-label	contains-common-prose-word	-
Default Ray Depth	Default Ray Depth	ui-section	context-ui-label	contains-common-prose-word	-
IPR Options	IPR Options	ui-section	context-ui-label	contains-common-prose-word	-
Layer Controls	Layer Controls	ui-section	context-ui-label	contains-common-prose-word	-
Render Stats	Render Stats	ui-section	context-ui-label	contains-common-prose-word	-
Update Mode	Update Mode	ui-setting	context-ui-label	contains-common-prose-word	-
per-light AOVs	per-light AOVs	aov	review-required	mostly-lowercase-phrase	-
color AOV	color AOV	aov-kind	review-required	mostly-lowercase-phrase;contains-common-prose-word	-
float AOV	float AOV	aov-kind	review-required	mostly-lowercase-phrase	-
RIS builtin	RIS builtin	api	review-required	mostly-lowercase-phrase	-
"Attribute ""identifier"" ""float id"""	"Attribute ""identifier"" ""float id"""	attribute	review-required	mostly-lowercase-phrase;contains-common-prose-word	-
"Attribute ""identifier"" ""string name"""	"Attribute ""identifier"" ""string name"""	attribute	review-required	mostly-lowercase-phrase;contains-common-prose-word	-
Instance Attributes	Instance Attributes	attribute-category	review-required	contains-common-prose-word	-
Prototype Attributes	Prototype Attributes	attribute-category	review-required	contains-common-prose-word	-
Color Burn	Color Burn	blend-mode	review-required	contains-common-prose-word	-
Color Dodge	Color Dodge	blend-mode	review-required	contains-common-prose-word	-
Darker Color	Darker Color	blend-mode	review-required	contains-common-prose-word	-
Hard Light	Hard Light	blend-mode	review-required	contains-common-prose-word	-
Lighter Color	Lighter Color	blend-mode	review-required	contains-common-prose-word	-
Linear Light	Linear Light	blend-mode	review-required	contains-common-prose-word	-
Pin Light	Pin Light	blend-mode	review-required	contains-common-prose-word	-
Soft Light	Soft Light	blend-mode	review-required	contains-common-prose-word	-
Vivid Light	Vivid Light	blend-mode	review-required	contains-common-prose-word	-
Renderman for Maya	Renderman for Maya	bridge-product-source-spelling	review-required	contains-common-prose-word	-
Field of View	Field of View	camera	review-required	contains-common-prose-word	-
The Shading Graph	The Shading Graph	caption	review-required	contains-common-prose-word	-
Using Light Source	Using Light Source	caption	review-required	contains-common-prose-word	-
Light Pink	Light Pink	color-name	review-required	contains-common-prose-word	-
RGB color space	RGB color space	color-space	review-required	mostly-lowercase-phrase;contains-common-prose-word	-
Scene Linear	Scene Linear	color-space	review-required	contains-common-prose-word	-
Photoshop blend modes	Photoshop blend modes	compositing	review-required	mostly-lowercase-phrase;contains-common-prose-word	-
Float data type	Float data type	data-type-phrase	review-required	mostly-lowercase-phrase;contains-common-prose-word	-
Material Builder	Material Builder	dcc-ui	review-required	contains-common-prose-word	-
Maya Attribute editor	Maya Attribute editor	dcc-ui	review-required	contains-common-prose-word	-
SG Node	SG Node	dcc-ui	review-required	contains-common-prose-word	-
Interpolate Depth and Height	Interpolate Depth and Height	enum	review-required	contains-common-prose-word	-
Object ID	Object ID	enum	review-required	contains-common-prose-word	-
Object Id	Object Id	enum	review-required	contains-common-prose-word	-
Object id	Object id	enum	review-required	mostly-lowercase-phrase;contains-common-prose-word	-
Object Name	Object Name	enum	review-required	contains-common-prose-word	-
Random Object Color	Random Object Color	enum	review-required	contains-common-prose-word	-
Classroom scene	Classroom scene	example-scene	review-required	mostly-lowercase-phrase;contains-common-prose-word	-
Gaussian falloff	Gaussian falloff	falloff	review-required	mostly-lowercase-phrase	-
The Irishman	The Irishman	film-title	review-required	contains-common-prose-word	-
Smart cubic	Smart cubic	filter-enum	review-required	mostly-lowercase-phrase	-
Display Filter	Display Filter	filter-type	review-required	contains-common-prose-word	-
Display Filters	Display Filters	filter-type	review-required	contains-common-prose-word	-
Schlick approximation	Schlick approximation	fresnel-model	review-required	mostly-lowercase-phrase	-
Reference or Rest pose	Reference or Rest pose	geometry-state	review-required	contains-common-prose-word	-
Rest pose	Rest pose	geometry-state	review-required	mostly-lowercase-phrase	-
Marschner specular	Marschner specular	hair-model	review-required	mostly-lowercase-phrase	-
Marschner specular model	Marschner specular model	hair-model	review-required	mostly-lowercase-phrase	-
Alpha channel	Alpha channel	image-channel	review-required	mostly-lowercase-phrase	-
Trace Light Paths	Trace Light Paths	light-option	review-required	contains-common-prose-word	-
Thin Shadows	Thin Shadows	light-parameter	review-required	contains-common-prose-word	-
Analytic Lights	Analytic Lights	lighting-category	review-required	contains-common-prose-word	-
Emissive Surfaces	Emissive Surfaces	lighting-category	review-required	contains-common-prose-word	-
Light Filter	Light Filter	lighting-section	review-required	contains-common-prose-word	-
Light Filters	Light Filters	lighting-section	review-required	contains-common-prose-word	-
Depth Of Field	Depth Of Field	link-title	review-required	contains-common-prose-word	-
light group LPEs	light group LPEs	lpe	review-required	mostly-lowercase-phrase;contains-common-prose-word	-
custom LPE	custom LPE	lpe-concept	review-required	mostly-lowercase-phrase	-
custom LPE expression	custom LPE expression	lpe-concept	review-required	mostly-lowercase-phrase	-
custom LPE name	custom LPE name	lpe-concept	review-required	mostly-lowercase-phrase	-
User lobe	User lobe	lpe-lobe	review-required	mostly-lowercase-phrase	-
User lobes	User lobes	lpe-lobe	review-required	mostly-lowercase-phrase	-
Base color	Base Color	map-type	review-required	mostly-lowercase-phrase;contains-common-prose-word	-
Physically Based Shading Nodes	Physically Based Shading Nodes	materialx-node-category	review-required	contains-common-prose-word	-
User Attributes	User Attributes	maya-ui	review-required	contains-common-prose-word	-
Artistic Mode	Artistic Mode	mode	review-required	contains-common-prose-word	-
Artistic mode	Artistic mode	mode	review-required	mostly-lowercase-phrase;contains-common-prose-word	-
HSV Light Dark	HSV Light Dark	mode	review-required	contains-common-prose-word	-
Light Signal Range	Light Signal Range	mode	review-required	contains-common-prose-word	-
Physical Fresnel mode	Physical Fresnel mode	mode	review-required	contains-common-prose-word	-
Physical Mode	Physical Mode	mode	review-required	contains-common-prose-word	-
Path-traced mode	Path-traced mode	mode-label	review-required	mostly-lowercase-phrase;contains-common-prose-word	-
Jensen and d'Eon Dipoles	Jensen and d'Eon Dipoles	model	review-required	contains-common-prose-word	-
Multiple Mean Free Paths	Multiple Mean Free Paths	model	review-required	contains-common-prose-word	-
Path Traced	Path Traced	model	review-required	contains-common-prose-word	-
Path Traced Modes	Path Traced Modes	model	review-required	contains-common-prose-word	-
Path-traced exponential	Path-traced exponential	model	review-required	mostly-lowercase-phrase	-
Canvas Node	Canvas Node	node	review-required	contains-common-prose-word	-
C++ Pattern	C++ Pattern	node-category	review-required	contains-common-prose-word	-
C++ Pattern node	C++ Pattern node	node-category	review-required	contains-common-prose-word	-
C++ Patterns	C++ Patterns	node-category	review-required	contains-common-prose-word	-
Pattern node	Pattern node	node-category	review-required	mostly-lowercase-phrase;contains-common-prose-word	-
Pattern nodes	Pattern nodes	node-category	review-required	mostly-lowercase-phrase;contains-common-prose-word	-
Worley noise	Worley noise	noise-function	review-required	mostly-lowercase-phrase	-
Gabor modes	Gabor modes	noise-mode	review-required	mostly-lowercase-phrase;contains-common-prose-word	-
Spline mode	Spline mode	noise-mode	review-required	mostly-lowercase-phrase;contains-common-prose-word	-
NG vector type	NG vector type	normal-gradient	review-required	mostly-lowercase-phrase;contains-common-prose-word	-
Camera Visibility	Camera Visibility	object-attribute	review-required	contains-common-prose-word	-
Checkpoint Start At	Checkpoint Start At	option-label	review-required	contains-common-prose-word	-
batched OSL	batched OSL	osl-execution-mode	review-required	mostly-lowercase-phrase	-
Connectable orientation	Connectable orientation	parameter-description	review-required	mostly-lowercase-phrase	-
Far Layer	Far Layer	parameter-group	review-required	contains-common-prose-word	-
Glass parameters	Glass parameters	parameter-group	review-required	mostly-lowercase-phrase;contains-common-prose-word	-
Mid Layer	Mid Layer	parameter-group	review-required	contains-common-prose-word	-
Near Layer	Near Layer	parameter-group	review-required	contains-common-prose-word	-
Texture Mapping	Texture Mapping	parameter-group	review-required	contains-common-prose-word	-
Trace Control Parameters	Trace Control Parameters	parameter-group	review-required	contains-common-prose-word	-
Color A and Color B	Color A and Color B	parameter-heading	review-required	contains-common-prose-word	-
Exit Color	Exit Color	parameter-label	review-required	contains-common-prose-word	-
Vertical resolution	Vertical resolution	parameter-source-case	review-required	mostly-lowercase-phrase	-
Secondary Anisotropy and Lobe Blend Factor	Secondary Anisotropy and Lobe Blend Factor	parameter-title	review-required	contains-common-prose-word	-
swap ST	swap ST	parameter-value	review-required	mostly-lowercase-phrase	-
Geometry Nodes	Geometry Nodes	pattern-category	review-required	contains-common-prose-word	-
Image Texture	Image Texture	pattern-category	review-required	contains-common-prose-word	-
Procedural Texture	Procedural Texture	pattern-category	review-required	contains-common-prose-word	-
ST primvar	ST primvar	primvar	review-required	mostly-lowercase-phrase	-
Toon banding	Toon banding	render-artifact	review-required	mostly-lowercase-phrase	-
beauty EXR	beauty EXR	render-output	review-required	mostly-lowercase-phrase	-
"Attribute ""volume"" ""fps"""	"Attribute ""volume"" ""fps"""	rib-attribute	review-required	mostly-lowercase-phrase;contains-common-prose-word	-
Displace shader	Displace shader	shader	review-required	mostly-lowercase-phrase	-
Displace shaders	Displace shaders	shader	review-required	mostly-lowercase-phrase	-
result F	result F	shader-output	review-required	mostly-lowercase-phrase	-
result RGB	result RGB	shader-output	review-required	mostly-lowercase-phrase	-
Ou Color G	Ou Color G	shader-output-source-typo	review-required	contains-common-prose-word	-
Material X Lama	MaterialX Lama	source-variant	review-required	contains-common-prose-word	-
Materials X Lama	MaterialX Lama	source-variant	review-required	contains-common-prose-word	-
Object space	Object space	space	review-required	mostly-lowercase-phrase;contains-common-prose-word	-
Darks Color	Darks Color	step-mode	review-required	contains-common-prose-word	-
Light To Albedo	Light To Albedo	step-mode	review-required	contains-common-prose-word	-
Industrial Light & Magic	Industrial Light & Magic	studio	review-required	contains-common-prose-word	-
Industrial Light & Magic	Industrial Light & Magic	studio	review-required	contains-common-prose-word	-
Pivot Value	Pivot Value	table-heading	review-required	contains-common-prose-word	-
BG texture	BG texture	texture	review-required	mostly-lowercase-phrase;contains-common-prose-word	-
Texture atlas	Texture atlas	texture-format	review-required	mostly-lowercase-phrase;contains-common-prose-word	-
Bump Roughness Map	Bump Roughness Map	texture-map	review-required	contains-common-prose-word	-
PBR Metalness map	PBR Metalness map	texture-map	review-required	contains-common-prose-word	-
PBR Roughness map	PBR Roughness map	texture-map	review-required	contains-common-prose-word	-
RTX procedural texture plugins	RTX procedural texture plugins	texture-plugin	review-required	mostly-lowercase-phrase;contains-common-prose-word	-
UDIM tiles	UDIM tiles	texture-tiles	review-required	mostly-lowercase-phrase	-
Project a label	Project a label	tip-title	review-required	mostly-lowercase-phrase;contains-common-prose-word	-
Texture Manager	Texture Manager	tool	review-required	contains-common-prose-word	-
Bump To Roughness	Bump To Roughness	txmake-feature	review-required	contains-common-prose-word	-
Maya Attribute Editor	Maya Attribute Editor	ui	review-required	contains-common-prose-word	-
Visibility for camera	Visibility for camera	ui	review-required	mostly-lowercase-phrase;contains-common-prose-word	-
"""Raw Data"""	"""Raw Data"""	ui-label	review-required	contains-common-prose-word	-
Enable Stylized Looks	Enable Stylized Looks	ui-label	review-required	contains-common-prose-word	-
Visible in Reflections	Visible in Reflections	ui-parameter	review-required	contains-common-prose-word	-
Volume Scattering Approximation	Volume Scattering Approximation	ui-parameter-group	review-required	contains-common-prose-word	-
Legacy Mode	Legacy Mode	ui-value	review-required	contains-common-prose-word	-
Shader and shadow color	Shader and shadow color	ui-value	review-required	mostly-lowercase-phrase;contains-common-prose-word	-
Shadow color only	Shadow color only	ui-value	review-required	mostly-lowercase-phrase;contains-common-prose-word	-
Use Direction	Use Direction	ui-value	review-required	contains-common-prose-word	-
Final Lines	Final Lines	visualizer-mode	review-required	contains-common-prose-word	-
Final Lines Alpha	Final Lines Alpha	visualizer-mode	review-required	contains-common-prose-word	-
Final Lines Comp	Final Lines Comp	visualizer-mode	review-required	contains-common-prose-word	-
Final Lines Invert	Final Lines Invert	visualizer-mode	review-required	contains-common-prose-word	-
Line Thickness from Lighting	Line Thickness from Lighting	visualizer-mode	review-required	contains-common-prose-word	-
Toon Final with Spec	Toon Final with Spec	visualizer-mode	review-required	contains-common-prose-word	-
Triplanar Test Colors	Triplanar Test Colors	visualizer-mode	review-required	contains-common-prose-word	-
Constant fog	Constant fog	workflow-title	review-required	mostly-lowercase-phrase	-
dicing projection	dicing projection	attribute	translate-or-bilingual	mostly-lowercase-phrase	-
intersection priority	intersection priority	attribute	translate-or-bilingual	mostly-lowercase-phrase	-
string name	string name	attribute-declaration	translate-or-bilingual	mostly-lowercase-phrase;contains-common-prose-word	-
cool colors	cool colors	color-temperature	translate-or-bilingual	mostly-lowercase-phrase;contains-common-prose-word	-
warm colors	warm colors	color-temperature	translate-or-bilingual	mostly-lowercase-phrase;contains-common-prose-word	-
shader object files	shader object files	compiled-shader	translate-or-bilingual	mostly-lowercase-phrase;contains-common-prose-word	-
rendermn.ini	rendermn.ini	config-file	translate-or-bilingual	mostly-lowercase-phrase	-
stats.ini	stats.ini	config-file	translate-or-bilingual	mostly-lowercase-phrase	-
current space	current space	coordinate-system	translate-or-bilingual	mostly-lowercase-phrase	-
object space	object space	coordinate-system	translate-or-bilingual	mostly-lowercase-phrase;contains-common-prose-word	-
tangent space	tangent space	coordinate-system	translate-or-bilingual	mostly-lowercase-phrase	-
world space	world space	coordinate-system	translate-or-bilingual	mostly-lowercase-phrase	-
attribute namespace	attribute namespace	dcc-attribute	translate-or-bilingual	mostly-lowercase-phrase;contains-common-prose-word	-
rest position	rest position	dcc-attribute	translate-or-bilingual	mostly-lowercase-phrase	-
user attribute	user attribute	dcc-attribute	translate-or-bilingual	mostly-lowercase-phrase;contains-common-prose-word	-
user attributes	user attributes	dcc-attribute	translate-or-bilingual	mostly-lowercase-phrase;contains-common-prose-word	-
transform node	transform node	dcc-node	translate-or-bilingual	mostly-lowercase-phrase;contains-common-prose-word	-
int id	int id	display-channel	translate-or-bilingual	mostly-lowercase-phrase	-
texture.tex	texture.tex	filename	translate-or-bilingual	mostly-lowercase-phrase;contains-common-prose-word	-
foo.format	foo.format	filename-placeholder	translate-or-bilingual	mostly-lowercase-phrase	-
foo.tex	foo.tex	filename-placeholder	translate-or-bilingual	mostly-lowercase-phrase	-
box filter	box filter	filter-enum	translate-or-bilingual	mostly-lowercase-phrase;contains-common-prose-word	-
display filters	display filters	filter-type	translate-or-bilingual	mostly-lowercase-phrase;contains-common-prose-word	-
bilinear patch	bilinear patch	geometry	translate-or-bilingual	mostly-lowercase-phrase	-
ultraman-docs.webp	ultraman-docs.webp	image-asset	translate-or-bilingual	mostly-lowercase-phrase	-
alpha channel	alpha channel	image-channel	translate-or-bilingual	mostly-lowercase-phrase	-
production integrators	production integrators	integrator	translate-or-bilingual	mostly-lowercase-phrase	-
fresnel blend	Fresnel Blend	layer-mode	translate-or-bilingual	mostly-lowercase-phrase	-
rough coating	Rough Coating	layer-mode	translate-or-bilingual	mostly-lowercase-phrase	-
smooth coating	Smooth Coating	layer-mode	translate-or-bilingual	mostly-lowercase-phrase	-
layer mask	layer mask	layering	translate-or-bilingual	mostly-lowercase-phrase;contains-common-prose-word	-
portal lighting	portal lighting	lighting	translate-or-bilingual	mostly-lowercase-phrase	-
emission token	emission token	lpe	translate-or-bilingual	mostly-lowercase-phrase	-
noclamp;prefix	noclamp;prefix	lpe-prefix	translate-or-bilingual	mostly-lowercase-phrase	-
cut out	cut out	masking	translate-or-bilingual	mostly-lowercase-phrase	-
attribute editor	attribute editor	maya-ui	translate-or-bilingual	mostly-lowercase-phrase;contains-common-prose-word	-
channel box	channel box	maya-ui	translate-or-bilingual	mostly-lowercase-phrase	-
pass-through node	pass-through node	node	translate-or-bilingual	mostly-lowercase-phrase;contains-common-prose-word	-
pattern nodes	pattern nodes	node-category	translate-or-bilingual	mostly-lowercase-phrase;contains-common-prose-word	-
texture nodes	texture nodes	node-category	translate-or-bilingual	mostly-lowercase-phrase;contains-common-prose-word	-
shading network	shading network	node-graph	translate-or-bilingual	mostly-lowercase-phrase	-
normal map color	normal map color	normal-map	translate-or-bilingual	mostly-lowercase-phrase;contains-common-prose-word	-
config.ocio	config.ocio	ocio-config-file	translate-or-bilingual	mostly-lowercase-phrase	-
int maxsamples	int maxsamples	option-declaration	translate-or-bilingual	mostly-lowercase-phrase	-
material closure	material closure	osl-concept	translate-or-bilingual	mostly-lowercase-phrase;contains-common-prose-word	-
material closures	material closures	osl-concept	translate-or-bilingual	mostly-lowercase-phrase;contains-common-prose-word	-
shader global	shader global	osl-concept	translate-or-bilingual	mostly-lowercase-phrase	-
filter type	filter type	osl-type	translate-or-bilingual	mostly-lowercase-phrase;contains-common-prose-word	-
int wireframe	int wireframe	parameter-declaration	translate-or-bilingual	mostly-lowercase-phrase	-
string style	string style	parameter-declaration	translate-or-bilingual	mostly-lowercase-phrase;contains-common-prose-word	-
normal pattern	normal pattern	pattern	translate-or-bilingual	mostly-lowercase-phrase;contains-common-prose-word	-
procedural noise	procedural noise	pattern	translate-or-bilingual	mostly-lowercase-phrase	-
bump nodes	bump nodes	pattern-node	translate-or-bilingual	mostly-lowercase-phrase;contains-common-prose-word	-
shader ball	shader ball	preview	translate-or-bilingual	mostly-lowercase-phrase	-
constant string primvar	constant string primvar	primvar	translate-or-bilingual	mostly-lowercase-phrase;contains-common-prose-word	-
texture primvars	texture primvars	primvar	translate-or-bilingual	mostly-lowercase-phrase;contains-common-prose-word	-
trace groups	trace groups	ray-tracing-set	translate-or-bilingual	mostly-lowercase-phrase	-
camera rays	camera rays	ray-type	translate-or-bilingual	mostly-lowercase-phrase;contains-common-prose-word	-
indirect rays	indirect rays	ray-type	translate-or-bilingual	mostly-lowercase-phrase;contains-common-prose-word	-
camera visibility	camera visibility	render-attribute	translate-or-bilingual	mostly-lowercase-phrase;contains-common-prose-word	-
indirect visibility	indirect visibility	render-attribute	translate-or-bilingual	mostly-lowercase-phrase	-
shadow visibility	shadow visibility	render-attribute	translate-or-bilingual	mostly-lowercase-phrase;contains-common-prose-word	-
transmission visibility	transmission visibility	render-attribute	translate-or-bilingual	mostly-lowercase-phrase	-
display channels	display channels	render-output	translate-or-bilingual	mostly-lowercase-phrase;contains-common-prose-word	-
raytrace hider	raytrace hider	renderer-component	translate-or-bilingual	mostly-lowercase-phrase	-
indirect bounces	indirect bounces	rendering	translate-or-bilingual	mostly-lowercase-phrase	-
ray subsets	ray subsets	rendering	translate-or-bilingual	mostly-lowercase-phrase;contains-common-prose-word	-
trace memberships	trace memberships	rendering	translate-or-bilingual	mostly-lowercase-phrase	-
trace sets	trace sets	rendering	translate-or-bilingual	mostly-lowercase-phrase	-
display line	display line	rib-command	translate-or-bilingual	mostly-lowercase-phrase;contains-common-prose-word	-
global setting	global setting	setting-label	translate-or-bilingual	mostly-lowercase-phrase	-
displacement shader	displacement shader	shader	translate-or-bilingual	mostly-lowercase-phrase	-
xml properties	xml properties	shader-binding	translate-or-bilingual	mostly-lowercase-phrase	-
generic “shader” shader type	generic “shader” shader type	shader-type	translate-or-bilingual	mostly-lowercase-phrase;contains-common-prose-word	-
incandescence color	incandescence color	shading	translate-or-bilingual	mostly-lowercase-phrase;contains-common-prose-word	-
scatter transmission	scatter transmission	shading	translate-or-bilingual	mostly-lowercase-phrase	-
minmax shadow map	minmax shadow map	shadow-map	translate-or-bilingual	mostly-lowercase-phrase;contains-common-prose-word	-
pyramid shadow map	pyramid shadow map	shadow-map	translate-or-bilingual	mostly-lowercase-phrase;contains-common-prose-word	-
object space	object space	space	translate-or-bilingual	mostly-lowercase-phrase;contains-common-prose-word	-
random id	random id	stylized-lines	translate-or-bilingual	mostly-lowercase-phrase	-
atlas textures	atlas textures	texture	translate-or-bilingual	mostly-lowercase-phrase;contains-common-prose-word	-
texture manifold	texture manifold	texture	translate-or-bilingual	mostly-lowercase-phrase;contains-common-prose-word	-
wrap mode	wrap mode	texture-conversion	translate-or-bilingual	mostly-lowercase-phrase;contains-common-prose-word	-
s,t	s,t	texture-coordinate-domain	translate-or-bilingual	mostly-lowercase-phrase	-
bridge tools	bridge tools	tooling	translate-or-bilingual	mostly-lowercase-phrase	-
-resize up	-resize up	txmake-option	translate-or-bilingual	mostly-lowercase-phrase	-
constant float	constant float	type	translate-or-bilingual	mostly-lowercase-phrase	-
varying float	varying float	type	translate-or-bilingual	mostly-lowercase-phrase	-
light visibility settings	light visibility settings	ui	translate-or-bilingual	mostly-lowercase-phrase;contains-common-prose-word	-
raster-oriented dicing	raster-oriented dicing	ui-option	translate-or-bilingual	mostly-lowercase-phrase	-
scene units	scene units	unit	translate-or-bilingual	mostly-lowercase-phrase;contains-common-prose-word	-
openvdb.org	openvdb.org	url	translate-or-bilingual	mostly-lowercase-phrase	-
www.amaanakram.com	www.amaanakram.com	url	translate-or-bilingual	mostly-lowercase-phrase	-
manifold utility	manifold utility	utility-node	translate-or-bilingual	mostly-lowercase-phrase	-
atlas texture workflows	atlas texture workflows	workflow	translate-or-bilingual	mostly-lowercase-phrase;contains-common-prose-word	-
baking workflow	baking workflow	workflow	translate-or-bilingual	mostly-lowercase-phrase;contains-common-prose-word	-
